student_id,branch,cgpa,internships,projects,certifications,aptitude_score,coding_score,communication_skill,backlogs,extracurricular,placed
1,EEE,6.66,0.0,2,0,,40.6,6.0,2,No,0
2,IT,8.32,1.0,3,1,47.9,82.0,7.0,0,Y,1
3,me,7.43,1.0,3,2,21.8,47.9,4.0,0,No,0
4,EEE,7.12,0.0,4,3,58.0,87.3,5.0,0,No,0
5,CSE,7.29,1.0,1,3,49.7,70.7,6.0,0,Yes,0
6,CE,7.62,1.0,2,1,65.7,41.0,4.0,0,Yes,1
7,EEE,8.02,0.0,0,0,38.8,52.6,7.0,0,No,0
8,ME,6.4,0.0,0,1,48.2,38.0,5.0,3,No,0
9,CSE,6.36,1.0,1,1,61.5,71.8,5.0,0,No,1
10,IT,8.5,,1,0,52.1,45.9,6.0,0,N,0
11,IT,6.99,1.0,2,4,-1.0,42.8,,0,Y,1
12,CE ,5.98,0.0,2,2,47.6,,5.0,0,No,0
13,ECE,7.84,1.0,3,3,61.4,67.5,6.0,0,No,0
14,ME,7.86,1.0,3,1,69.0,75.8,7.0,0,No,1
15,IT,5.87,2.0,1,2,65.3,78.1,5.0,0,N,0
16,CSE,7.63,2.0,0,0,62.0,74.1,3.0,0,No,1
17,ECE,,4.0,2,6,53.2,57.4,3.0,0,No,1
18,CSE,7.77,1.0,0,1,56.0,78.8,5.0,0,No,0
19,ME,8.03,0.0,1,0,70.2,41.0,4.0,0,No,1
20,ECE,6.0,0.0,1,1,42.1,20.3,5.0,1,No,0
21,EEE,7.73,1.0,2,4,59.2,63.2,9.0,0,Yes,1
22,IT,7.1,1.0,1,0,54.2,48.4,4.0,1,Yes,0
23,CE,6.92,0.0,1,1,56.8,51.6,6.0,2,No,1
24,ME,8.27,2.0,1,1,51.4,61.1,10.0,0,No,1
25,EEE,8.88,0.0,1,0,43.7,66.1,7.0,0,No,1
26,CSE,9.19,0.0,2,0,73.4,88.0,5.0,0,No,1
27,it,8.71,1.0,1,1,76.8,84.1,6.0,0,Yes,1
28,CSE ,7.29,1.0,1,1,38.1,67.4,7.0,1,Yes,1
29,CSE,7.75,1.0,4,1,65.8,60.1,9.0,0,No,0
30,,8.17,2.0,1,0,76.1,60.5,5.0,0,No,1
31,EEE,7.52,2.0,0,3,67.6,46.7,5.0,0,Yes,1
32,CE,,0.0,0,1,55.5,52.7,4.0,0,Yes,0
33,IT,8.22,1.0,2,1,52.0,100.0,6.0,0,Yes,1
34,IT,7.34,2.0,3,0,60.7,67.4,4.0,0,Yes,0
35,it,6.67,0.0,1,1,60.1,68.1,5.0,1,No,0
36,Computer Science,6.99,0.0,1,0,59.5,52.3,4.0,0,Yes,1
37,CSE,8.03,0.0,1,0,60.4,83.5,8.0,0,Yes,1
38,IT,7.4,0.0,1,2,47.0,76.4,5.0,0,No,0
39,CSE,7.74,1.0,1,3,66.4,78.2,7.0,0,No,1
40,ECE,,1.0,2,3,68.3,61.6,3.0,0,No,0
41,IT,7.03,0.0,1,0,60.9,78.6,6.0,1,Yes,1
42,ME,8.16,0.0,2,0,64.4,77.9,4.0,0,Yes,0
43,EEE,7.78,1.0,5,0,81.7,61.1,5.0,0,Yes,1
44,IT,6.17,0.0,3,0,47.6,57.1,10.0,0,No,0
45,ME,,2.0,2,1,81.1,75.6,8.0,0,Yes,1
46,ME,6.9,1.0,1,2,49.2,,6.0,0,No,0
47,IT,5.74,0.0,3,2,66.7,46.0,10.0,0,No,0
48,IT,6.35,1.0,1,5,70.6,59.0,4.0,0,No,0
49,EEE,6.38,0.0,2,3,,23.8,8.0,2,Yes,0
50,CSE,7.45,1.0,1,3,80.1,77.7,,0,Yes,1
51,CSE,7.13,3.0,4,1,64.5,49.2,6.0,0,No,1
52,CSE,7.06,2.0,3,3,48.1,56.2,4.0,0,yes,1
53,ME,8.02,0.0,5,1,58.0,54.9,6.0,0,No,0
54,ECE,7.74,1.0,1,2,75.0,57.3,6.0,0,Yes,1
55,EEE,7.72,0.0,4,2,72.3,51.4,5.0,0,No,1
56,ME,7.81,1.0,2,3,48.9,56.0,8.0,0,No,0
57,IT,8.02,1.0,1,2,60.8,67.2,5.0,0,Y,1
58,ECE,5.29,0.0,3,1,54.0,37.8,7.0,2,No,0
59,CSE,,0.0,2,2,52.5,51.6,7.0,1,No,0
60,CSE ,69.0,0.0,2,2,79.6,70.3,3.0,2,No,0
61,ECE,,0.0,3,5,62.9,23.6,5.0,1,Yes,1
62,IT,7.4,0.0,1,2,59.2,61.9,6.0,0,Yes,1
63,ECE,8.45,0.0,2,1,78.5,53.2,7.0,0,No,1
64,EEE,8.59,0.0,1,2,60.4,67.2,,0,Yes,1
65,ECE,7.6,0.0,4,0,72.9,34.2,6.0,1,No,0
66,ECE,6.9,,2,2,,45.0,5.0,0,Yes,0
67,ECE,7.89,0.0,1,2,56.5,55.9,5.0,0,N,1
68,IT,6.87,0.0,4,3,70.5,,7.0,0,Yes,0
69,CSE,7.4,,4,2,78.8,70.0,5.0,1,No,1
70,IT,8.39,0.0,3,0,54.7,52.2,6.0,0,Yes,0
71,CSE,6.84,0.0,5,1,47.1,54.9,6.0,0,Yes,0
72,IT,8.21,3.0,4,4,70.0,82.3,7.0,0,Yes,1
73,ME,8.08,1.0,3,2,55.2,40.4,,0,no,1
74,CSE,6.45,4.0,0,1,-1.0,59.0,5.0,0,Yes,1
75,CSE,8.37,2.0,4,0,74.4,69.7,7.0,0,No,1
76,IT,8.1,1.0,1,0,56.3,62.7,1.0,0,yes,1
77,IT,7.5,2.0,2,0,36.8,100.0,5.0,0,No,1
78,ECE,6.64,1.0,0,2,41.3,45.0,4.0,1,No,0
79,ECE,6.54,2.0,2,3,56.7,57.5,8.0,0,Yes,1
80,ME,6.86,1.0,1,5,35.5,40.8,5.0,1,Yes,0
81,ECE,7.94,0.0,2,3,58.6,65.6,5.0,0,Yes,0
82,IT,6.44,1.0,0,0,39.5,,6.0,1,No,0
83,ME,7.84,1.0,1,1,81.4,48.4,,0,N,1
84,CSE,6.16,,1,1,81.0,58.0,5.0,0,Yes,0
85,Computer Science,7.2,1.0,2,1,46.5,50.6,6.0,0,No,1
86,CSE,7.51,0.0,2,2,63.5,48.4,5.0,0,No,1
87,EEE,9.85,1.0,0,0,58.3,82.8,5.0,0,no,1
88,IT,6.02,0.0,2,3,50.8,49.8,4.0,1,No,0
89,CSE,8.87,1.0,5,1,87.5,36.2,4.0,0,No,1
90,ECE,7.55,0.0,5,2,55.0,82.2,6.0,0,No,1
91,CSE,7.81,1.0,4,2,,55.0,7.0,0,No,0
92,EEE,7.52,0.0,0,1,49.2,51.9,4.0,0,Yes,0
93,IT,7.84,1.0,0,0,75.5,91.8,7.0,0,No,1
94,IT,,1.0,1,0,20.2,62.1,7.0,0,No,1
95,it,8.85,4.0,3,1,60.5,69.8,8.0,0,No,1
96,ECE,6.94,1.0,1,4,,34.3,7.0,0,Yes,1
97,IT,8.53,2.0,2,0,56.6,46.1,7.0,0,No,0
98,CSE,6.76,1.0,2,2,67.8,59.3,10.0,0,Yes,0
99,CSE,7.34,1.0,3,1,74.2,70.1,5.0,0,No,1
100,CE,6.33,0.0,0,1,38.8,54.2,4.0,0,Yes,1
101,CE,7.86,2.0,1,1,86.9,50.1,,0,No,1
102,EEE,8.85,1.0,2,1,48.7,62.5,9.0,0,Yes,0
103,CSE,7.32,,0,0,75.2,37.1,9.0,0,Yes,1
104,CE,7.2,2.0,1,2,61.0,60.9,,0,Yes,0
105,,6.29,0.0,1,2,49.5,51.8,5.0,0,Yes,0
106,EEE,,2.0,2,0,54.2,83.5,5.0,1,yes,0
107,IT,5.81,0.0,0,1,53.2,57.1,8.0,2,N,0
108,CSE,6.49,0.0,1,2,,46.3,4.0,0,No,1
109,CSE,7.63,2.0,2,3,49.9,65.4,3.0,0,No,1
110,CE,8.72,2.0,1,0,62.5,56.7,10.0,0,No,1
111,IT,10.0,0.0,2,1,61.2,84.5,7.0,0,Yes,1
112,CSE,6.81,,2,2,43.1,62.5,7.0,0,N,0
113,IT,8.84,0.0,1,1,55.9,53.3,6.0,0,No,1
114,,7.64,1.0,5,4,47.2,31.7,7.0,0,Yes,0
115,CSE ,7.25,0.0,2,3,54.4,68.2,3.0,0,No,1
116,ME,7.83,1.0,1,0,66.9,77.9,,0,No,0
117,EEE,7.46,1.0,2,1,61.7,56.5,6.0,0,No,0
118,EEE,7.51,0.0,1,4,84.1,67.8,2.0,0,No,1
119,IT,6.99,1.0,2,1,31.8,78.2,5.0,0,Yes,0
120,ECE,6.0,1.0,0,1,60.0,52.0,5.0,1,no,0
121,ECE,5.86,3.0,2,1,53.9,35.1,5.0,1,Yes,0
122,ECE,8.05,0.0,4,1,72.4,61.2,5.0,0,no,0
123,CSE,7.12,0.0,4,1,67.5,81.7,4.0,0,Y,1
124,IT,6.8,1.0,4,2,55.6,70.0,3.0,0,Yes,0
125,CSE,7.41,0.0,0,0,,76.3,6.0,0,Yes,1
126,ECE,,0.0,2,3,54.3,52.0,5.0,0,Yes,0
127,IT,7.58,0.0,1,3,68.1,62.9,4.0,0,Yes,0
128,CSE,6.74,0.0,2,1,34.8,59.9,6.0,2,Yes,0
129,cse,8.63,0.0,2,1,74.2,70.4,5.0,0,No,0
130,ECE ,8.98,0.0,2,4,66.0,80.4,5.0,0,no,1
131,CSE,7.89,1.0,0,2,56.1,32.3,2.0,0,yes,0
132,CE ,8.37,0.0,0,2,,60.3,7.0,1,No,1
133,ECE,8.64,2.0,0,1,63.1,60.0,4.0,0,No,1
134,IT,8.53,2.0,3,1,80.1,50.1,6.0,0,Yes,1
135,ECE ,8.01,2.0,3,1,100.0,68.1,5.0,0,No,1
136,CSE,8.0,1.0,3,0,77.0,57.1,5.0,0,Yes,1
137,CE,7.92,2.0,0,3,-1.0,52.2,8.0,0,Y,0
138,ECE,6.3,1.0,3,2,63.2,77.2,7.0,0,Y,0
139,ME,,1.0,2,3,70.9,73.7,8.0,0,Yes,1
140,CSE,6.04,2.0,1,5,43.5,66.8,7.0,1,No,0
141,ECE,6.61,2.0,5,1,41.7,56.7,7.0,0,No,1
142,ECE,,1.0,2,0,64.5,59.0,3.0,0,Yes,1
143,CE,8.24,1.0,1,2,73.1,89.2,5.0,0,No,1
144,ECE,,2.0,0,3,46.6,74.5,6.0,0,Yes,1
145,IT ,7.13,0.0,3,0,50.3,52.4,8.0,1,Yes,0
146,CSE,6.25,0.0,1,1,62.3,38.2,5.0,0,No,0
147,,7.16,1.0,2,2,59.5,72.3,6.0,0,N,0
148,ECE,7.5,0.0,0,2,77.4,54.7,6.0,0,No,1
149,IT,7.48,2.0,0,0,43.4,44.0,8.0,0,Yes,1
150,CSE ,8.53,0.0,2,3,92.8,,6.0,0,Yes,1
151,ME,7.04,3.0,0,2,40.1,49.2,7.0,0,Yes,1
152,ME,7.75,0.0,1,0,37.1,64.7,3.0,0,No,1
153,CSE,6.41,0.0,6,1,55.3,66.7,3.0,1,Yes,0
154,ECE,7.85,1.0,0,1,48.2,48.1,2.0,0,No,0
155,CSE,7.4,0.0,1,2,59.5,74.5,7.0,0,Yes,1
156,ECE,6.65,3.0,4,2,56.1,43.8,7.0,1,Yes,1
157,IT,7.16,1.0,2,1,56.7,57.3,8.0,0,Yes,0
158,ECE,7.22,0.0,3,3,49.2,46.1,5.0,0,No,1
159,EEE,,1.0,2,1,64.1,70.6,5.0,1,No,1
160,EEE,9.17,3.0,1,3,63.3,59.6,,0,No,1
161,Computer Science,7.3,0.0,0,0,72.9,85.1,8.0,0,No,1
162,CE,7.16,0.0,1,0,56.9,80.5,9.0,0,No,0
163,CSE ,5.3,0.0,1,3,40.0,43.4,7.0,3,Yes,1
164,CSE,6.51,0.0,2,2,36.2,16.7,7.0,2,No,0
165,ECE,7.14,0.0,0,2,56.9,69.4,8.0,0,No,1
166,IT,6.71,1.0,2,0,42.0,56.4,6.0,1,No,0
167,ME,8.78,1.0,3,0,49.3,48.9,,0,Yes,1
168,ME,7.24,0.0,1,0,65.7,45.3,6.0,0,Yes,0
169,IT,8.69,0.0,1,1,43.8,65.2,4.0,0,No,0
170,CE,7.46,0.0,3,1,77.2,74.8,6.0,0,Yes,1
171,IT,7.44,0.0,1,0,62.1,67.6,4.0,1,Yes,0
172,ECE,7.31,1.0,1,1,59.1,73.8,8.0,1,Yes,1
173,CSE,7.4,0.0,3,2,47.6,72.4,7.0,0,No,1
174,CE,9.12,1.0,1,0,76.0,59.0,8.0,0,Yes,1
175,CSE,5.08,1.0,4,2,50.7,47.5,3.0,1,No,1
176,CSE,5.4,1.0,1,2,43.8,63.4,9.0,0,No,0
177,IT,6.86,1.0,1,2,60.2,74.6,3.0,0,No,1
178,CE,7.41,1.0,2,5,39.9,70.0,4.0,0,Yes,1
179,ME,8.09,1.0,0,3,43.1,54.5,,0,No,0
180,EEE,7.87,0.0,0,3,48.5,60.0,8.0,0,Yes,1
181,ME,7.02,0.0,2,3,62.7,61.8,6.0,1,Y,0
182,ME,8.42,1.0,2,3,64.0,54.3,6.0,0,yes,1
183,ECE,8.43,1.0,1,1,76.7,43.1,5.0,0,yes,1
184,IT,7.58,2.0,1,1,49.7,53.8,4.0,0,No,0
185,EEE,8.36,0.0,0,4,70.7,56.2,8.0,0,yes,1
186,ECE,7.67,0.0,3,1,59.7,66.3,7.0,0,No,0
187,IT,6.84,1.0,3,2,46.4,81.1,,0,Yes,1
188,CSE,8.1,1.0,1,3,67.4,48.1,7.0,0,No,1
189,EEE,7.51,1.0,0,0,59.7,46.6,2.0,0,No,1
190,CSE,7.4,2.0,3,0,52.5,59.6,4.0,0,Yes,1
191,CE,8.87,1.0,2,3,,74.3,7.0,0,No,1
192,CSE,4.95,2.0,1,1,48.6,44.8,5.0,2,Yes,0
193,CSE,5.98,1.0,5,1,52.5,51.5,5.0,0,No,0
194,ME,6.21,1.0,1,1,50.3,27.9,4.0,0,No,0
195,CSE,69.0,1.0,0,3,42.9,70.4,8.0,0,No,1
196,CSE,7.15,0.0,3,3,59.9,61.3,7.0,0,Yes,1
197,ECE,5.89,0.0,2,2,44.3,37.7,7.0,1,No,0
198,ME,6.41,0.0,1,1,43.8,46.2,5.0,1,No,0
199,CSE,6.54,0.0,3,1,53.7,77.6,6.0,0,No,0
200,IT,9.86,0.0,1,1,78.6,62.2,4.0,0,Yes,1
201,EEE,9.2,2.0,3,1,69.4,,,0,Yes,1
202,CE,6.99,2.0,5,1,52.0,71.7,2.0,1,No,1
203,ECE,7.04,0.0,3,0,51.7,54.3,3.0,1,No,0
204,CSE,6.25,0.0,2,3,,69.3,5.0,1,No,0
205,CSE ,5.49,0.0,2,0,23.6,61.5,10.0,0,No,0
206,CSE,7.28,2.0,1,0,69.1,63.9,3.0,0,No,0
207,CSE,6.4,,4,3,33.5,,4.0,0,Yes,1
208,ECE,7.32,2.0,2,2,42.7,67.0,6.0,0,No,0
209,CSE,5.8,0.0,0,1,-1.0,74.4,9.0,1,Yes,0
210,ECE,,2.0,2,2,83.0,67.5,6.0,0,No,1
211,EEE,7.55,,3,3,80.7,38.0,7.0,1,Yes,1
212,ECE,7.77,0.0,1,0,69.9,76.4,5.0,0,No,0
213,CSE,7.82,1.0,0,2,65.9,61.7,5.0,0,No,1
214,ME,6.08,4.0,1,1,32.4,37.1,6.0,0,No,0
215,EEE,8.25,1.0,2,1,65.3,,5.0,0,Yes,1
216,EEE,6.6,0.0,0,1,50.2,63.5,7.0,1,No,0
217,CSE,8.03,3.0,4,1,52.7,76.3,3.0,0,Yes,1
218,CSE,7.39,1.0,2,0,61.8,61.1,8.0,1,Yes,0
219,CE,6.02,0.0,2,0,48.8,60.7,6.0,0,N,0
220,IT ,7.08,0.0,3,3,69.2,65.5,6.0,0,No,0
221,,7.77,1.0,2,1,38.2,58.2,3.0,0,Yes,1
222,ECE,8.01,1.0,1,1,63.4,47.4,4.0,0,No,0
223,ECE,7.26,0.0,0,4,48.9,60.4,8.0,1,yes,1
224,CE,8.93,1.0,3,0,61.2,61.4,6.0,0,No,1
225,,8.41,2.0,3,0,67.7,49.4,6.0,0,No,1
226,CE,7.14,2.0,0,3,45.6,66.4,5.0,0,No,1
227,cse,8.15,2.0,1,3,65.0,61.5,6.0,0,N,1
228,ECE,9.33,0.0,2,0,65.2,88.6,4.0,0,No,1
229,ECE,9.36,2.0,2,0,59.9,43.8,6.0,0,No,1
230,Computer Science,6.17,,3,2,49.4,56.1,7.0,1,Yes,0
231,CSE,6.47,2.0,1,1,54.4,49.9,7.0,1,Yes,1
232,IT,8.88,0.0,2,1,56.7,57.8,4.0,0,No,1
233,CE,6.34,1.0,2,0,55.9,42.4,5.0,1,Yes,1
234,ECE,6.08,1.0,2,2,51.4,74.9,7.0,2,No,0
235,CE,6.91,0.0,2,0,50.7,54.7,6.0,0,Yes,1
236,ME,7.82,1.0,0,1,80.8,45.2,6.0,0,No,1
237,IT,7.3,2.0,1,0,64.6,,9.0,0,Yes,1
238,ME,6.75,2.0,6,0,52.8,25.9,4.0,0,No,0
239,CSE,6.73,1.0,3,3,59.1,53.6,8.0,0,No,0
240,CSE,6.69,0.0,2,3,,51.9,4.0,0,Yes,1
241,ME,6.52,2.0,2,1,51.2,47.2,7.0,1,No,0
242,ME,9.68,0.0,1,2,,32.3,7.0,0,Yes,1
243,CSE,69.0,1.0,5,3,46.2,65.1,5.0,0,no,1
244,ECE,8.29,2.0,2,2,68.2,74.8,4.0,0,No,1
245,ECE,6.91,1.0,0,3,52.0,76.9,3.0,0,Yes,1
246,ME,7.21,1.0,4,2,55.0,25.7,5.0,0,Yes,1
247,ECE,6.69,1.0,1,0,50.3,39.4,7.0,1,Y,1
248,IT,4.75,0.0,1,0,84.9,38.9,4.0,0,Yes,0
249,IT,,0.0,2,1,46.5,60.3,6.0,0,no,0
250,IT,5.59,0.0,3,1,27.9,37.7,3.0,0,Yes,0
251,ECE,5.15,0.0,3,1,31.8,,6.0,0,No,0
252,ME,6.2,0.0,1,4,64.3,49.7,4.0,1,No,0
253,IT,,2.0,2,0,81.3,69.8,6.0,0,No,1
254,cse,7.36,0.0,1,0,51.6,88.7,5.0,1,No,0
255,,8.69,0.0,2,1,80.5,71.2,4.0,0,Yes,1
256,EEE,7.81,1.0,1,1,70.5,63.1,5.0,0,N,1
257,ME,8.18,2.0,0,4,60.9,47.7,4.0,0,No,1
258,CSE,6.5,2.0,1,0,53.3,,4.0,0,No,1
259,CSE,7.92,0.0,3,2,64.3,,8.0,0,Y,1
260,ECE,8.13,3.0,2,2,73.4,91.4,5.0,0,yes,1
261,CSE,6.82,0.0,1,1,62.5,71.6,2.0,2,No,0
262,ME,7.96,2.0,0,4,54.1,61.9,,0,No,0
263,IT,7.97,3.0,3,0,60.2,53.2,,0,Yes,1
264,CSE,6.85,0.0,1,2,81.6,75.9,5.0,1,no,0
265,CE,6.28,3.0,3,0,58.5,29.0,9.0,0,Yes,0
266,CSE,6.22,1.0,3,2,65.7,35.6,5.0,0,No,0
267,IT,7.49,0.0,2,0,66.8,57.0,7.0,0,Yes,0
268,CSE,7.73,0.0,1,0,64.6,96.0,8.0,0,Yes,0
269,CSE,6.61,0.0,2,2,58.1,89.5,7.0,0,Yes,1
270,CSE,7.43,1.0,0,2,70.9,58.4,4.0,1,Yes,0
271,CSE,7.97,0.0,0,1,70.9,57.7,4.0,0,Y,1
272,CSE,8.02,1.0,0,1,65.6,43.5,8.0,0,Yes,1
273,CSE,8.95,0.0,2,2,57.9,73.9,5.0,0,Yes,0
274,ECE,8.68,1.0,4,3,69.7,63.8,8.0,0,No,1
275,EEE,6.4,2.0,3,1,55.2,61.8,5.0,1,No,1
276,IT,9.08,4.0,3,0,63.0,87.1,6.0,0,No,1
277,IT,6.87,2.0,2,0,90.0,59.4,4.0,1,Yes,1
278,ECE,8.44,3.0,4,0,45.7,68.6,5.0,0,Yes,1
279,ME,,0.0,1,3,,44.8,5.0,0,No,1
280,ME,6.99,1.0,1,2,48.0,61.0,6.0,0,No,1
281,CSE,5.59,1.0,1,2,-1.0,48.4,6.0,2,No,0
282,CSE,7.23,0.0,2,2,90.1,71.0,7.0,0,No,1
283,CSE,5.84,1.0,3,2,42.2,62.9,5.0,1,No,0
284,CSE,8.37,1.0,2,4,55.2,70.9,4.0,0,No,1
285,ECE ,8.92,0.0,1,1,65.9,74.5,6.0,0,Yes,1
286,IT,6.6,0.0,2,3,46.6,37.5,4.0,1,No,0
287,CSE,7.7,1.0,0,2,71.8,50.5,8.0,0,No,0
288,IT,6.67,2.0,2,0,50.7,57.3,6.0,0,No,0
289,ECE,6.77,1.0,2,1,65.3,30.2,5.0,1,Yes,0
290,CSE ,8.17,0.0,2,0,,62.8,7.0,0,yes,1
291,ME,7.36,1.0,3,0,38.2,49.2,6.0,0,Yes,0
292,CSE,9.14,2.0,0,1,64.2,93.3,3.0,0,Yes,1
293,CE,6.92,1.0,1,2,39.2,54.7,4.0,0,No,0
294,CSE,8.4,0.0,2,0,82.2,,8.0,0,No,1
295,ME,7.5,0.0,0,0,42.0,60.0,6.0,0,Yes,0
296,CE,8.2,0.0,0,1,50.7,50.9,3.0,0,No,0
297,CE,6.95,2.0,3,2,63.2,54.8,7.0,1,Yes,1
298,ME,7.35,2.0,1,1,52.8,65.7,5.0,0,No,0
299,EEE,7.28,1.0,3,2,41.3,72.3,5.0,0,Yes,0
300,ECE,6.56,2.0,2,3,81.1,48.8,4.0,0,N,0
301,EEE,8.06,1.0,4,1,50.6,33.6,8.0,0,No,0
302,CSE,8.05,1.0,1,0,60.2,42.5,3.0,0,No,1
303,ECE,7.99,0.0,2,0,59.9,53.1,5.0,0,N,1
304,ECE,8.94,0.0,3,2,74.7,27.6,6.0,0,Yes,1
305,ME,8.85,1.0,1,0,71.3,89.2,9.0,0,No,1
306,IT,7.03,0.0,0,2,48.6,72.1,7.0,0,Yes,0
307,IT,7.77,,1,4,57.6,57.3,5.0,0,Yes,1
308,ECE,6.78,3.0,2,0,54.8,35.2,9.0,0,No,0
309,CSE,7.42,0.0,6,1,69.1,80.5,4.0,0,No,1
310,CSE,6.8,1.0,1,1,43.6,45.3,6.0,1,No,0
311,IT,9.02,1.0,1,5,,57.8,7.0,0,Yes,1
312,IT,7.76,1.0,2,1,52.3,55.3,5.0,0,No,1
313,CSE,7.18,1.0,1,2,59.0,65.6,7.0,0,Yes,1
314,IT,8.59,1.0,3,0,50.9,80.3,5.0,0,No,1
315,IT,5.23,0.0,1,1,35.7,72.0,7.0,1,No,0
316,IT,5.39,1.0,3,1,41.5,70.6,3.0,0,No,0
317,IT,8.2,1.0,3,2,51.5,69.0,7.0,0,No,1
318,EEE,7.46,2.0,4,0,55.3,70.6,,0,No,1
319,IT,7.65,1.0,1,3,49.3,,8.0,1,Yes,1
320,CE,6.07,1.0,3,5,63.0,21.1,6.0,1,No,0
321,CE,7.38,4.0,3,2,,44.8,8.0,0,No,1
322,ECE,9.4,2.0,1,6,57.3,52.9,7.0,0,Yes,1
323,IT,8.22,1.0,3,0,58.6,59.6,6.0,0,Yes,1
324,ECE,69.0,0.0,4,2,72.6,41.5,7.0,0,Y,1
325,ME,6.96,0.0,0,2,60.8,45.9,7.0,0,No,0
326,ECE,7.01,0.0,0,2,57.2,62.3,7.0,0,No,0
327,ME,5.27,2.0,2,3,34.3,70.1,2.0,2,No,0
328,ECE,7.66,1.0,1,1,47.3,30.4,4.0,0,Yes,1
329,ECE,8.25,1.0,1,0,48.0,39.9,8.0,0,Yes,1
330,IT,5.82,1.0,1,1,69.4,45.3,4.0,0,No,1
331,EEE,6.74,2.0,1,2,63.7,63.2,8.0,0,Yes,0
332,Computer Science,6.24,1.0,2,4,45.0,56.1,7.0,1,Yes,1
333,eee,6.43,3.0,0,0,49.4,39.3,5.0,2,Yes,0
334,ME,7.45,2.0,0,0,50.3,66.0,3.0,0,Yes,0
335,CSE,5.32,2.0,3,3,41.0,68.9,5.0,0,Yes,1
336,ECE,8.01,1.0,2,0,68.0,57.8,10.0,0,No,1
337,CSE,8.15,1.0,3,2,59.6,56.5,5.0,0,Yes,0
338,EEE,7.15,0.0,1,1,84.0,57.8,5.0,0,Yes,1
339,CSE,,1.0,2,0,65.1,49.1,4.0,0,No,0
340,CE,6.4,0.0,2,1,71.7,46.4,8.0,0,No,1
341,CSE,8.63,0.0,2,2,,63.5,6.0,0,no,1
342,CE,69.0,1.0,2,1,43.8,55.0,5.0,2,No,0
343,ME,7.05,1.0,1,0,65.8,57.0,8.0,1,No,0
344,ECE,6.22,1.0,4,3,51.1,64.6,7.0,0,No,1
345,ME,8.2,1.0,3,3,82.8,79.1,4.0,0,No,1
346,ME,6.72,0.0,1,1,62.2,58.5,4.0,0,Yes,1
347,CE,7.8,1.0,2,2,64.8,49.4,8.0,0,No,1
348,CSE,7.97,1.0,1,3,,83.4,6.0,0,Yes,1
349,,9.24,2.0,3,2,88.2,71.2,3.0,0,Yes,1
350,CSE,7.2,2.0,2,1,42.0,100.0,3.0,1,Yes,0
351,ECE,7.78,1.0,2,6,83.6,61.5,4.0,0,Yes,0
352,CSE,5.91,1.0,2,0,51.8,68.0,4.0,2,Yes,0
353,ECE,8.59,1.0,3,3,47.9,65.3,3.0,0,No,1
354,ECE,6.64,2.0,5,1,47.9,49.7,4.0,2,Yes,0
355,IT,6.84,3.0,1,1,37.9,58.3,4.0,0,Yes,1
356,,7.38,1.0,3,1,67.8,59.3,5.0,1,Yes,0
357,EEE,5.84,0.0,2,1,41.3,55.0,9.0,2,Yes,1
358,ME,7.63,2.0,3,1,62.9,73.5,6.0,0,No,1
359,ECE,8.37,0.0,1,1,77.5,64.5,6.0,0,Yes,1
360,ECE,7.69,2.0,3,2,53.1,49.5,7.0,0,Yes,0
361,CE,5.81,1.0,1,1,50.4,42.2,6.0,0,Yes,0
362,CSE,7.28,0.0,5,0,43.9,44.5,7.0,0,Yes,1
363,CSE,8.14,2.0,2,1,58.3,93.6,6.0,0,Yes,1
364,CSE,5.52,0.0,3,3,,47.5,6.0,0,Yes,0
365,ECE ,6.33,0.0,2,1,65.0,64.1,10.0,1,No,1
366,IT,8.28,1.0,2,0,-1.0,73.5,8.0,0,No,1
367,EEE,7.67,2.0,1,3,53.7,60.9,4.0,0,No,0
368,ECE,7.81,1.0,1,0,61.1,55.3,7.0,0,Yes,1
369,,9.26,1.0,0,1,69.0,62.5,,0,Yes,0
370,ME,7.87,1.0,1,2,56.8,42.8,7.0,0,no,1
371,EEE,8.06,2.0,0,0,69.0,84.2,4.0,0,Yes,1
372,CSE,10.0,0.0,2,1,59.0,79.7,4.0,0,No,1
373,IT,7.19,1.0,3,0,47.6,80.8,7.0,0,No,1
374,IT,6.6,0.0,1,2,61.3,81.8,8.0,0,Yes,0
375,CSE,7.83,1.0,4,1,47.7,61.0,7.0,0,Yes,1
376,CSE,7.84,0.0,1,2,70.5,73.5,7.0,0,No,1
377,CE,6.87,1.0,2,0,57.7,53.0,7.0,3,No,0
378,IT,6.37,1.0,1,2,33.9,42.5,6.0,0,No,0
379,IT,,1.0,0,4,70.6,73.8,5.0,0,yes,1
380,EEE,7.73,1.0,3,1,41.1,65.4,7.0,0,No,1
381,ECE,6.67,1.0,1,2,65.4,,8.0,1,Yes,0
382,CE,8.32,1.0,2,4,60.7,54.7,6.0,0,Yes,0
383,ME,,0.0,2,0,81.8,51.9,6.0,0,No,1
384,IT ,7.15,1.0,1,1,71.8,95.4,9.0,0,No,1
385,IT,7.96,0.0,4,2,49.5,40.3,6.0,0,Yes,1
386,CE,6.11,2.0,1,1,30.6,56.1,6.0,0,Yes,0
387,EEE,7.75,4.0,2,0,52.3,53.0,7.0,0,Yes,1
388,CE,9.31,1.0,2,3,53.0,55.0,6.0,0,Yes,1
389,CSE,7.87,1.0,5,0,83.8,63.2,5.0,0,Yes,1
390,ME,7.02,0.0,3,0,58.4,63.1,7.0,0,No,1
391,ECE,6.89,0.0,1,0,69.2,63.3,6.0,1,Yes,0
392,CSE,6.99,2.0,0,3,54.9,65.7,9.0,1,No,1
393,ECE,7.15,2.0,1,1,56.8,70.1,7.0,1,Yes,1
394,EEE,7.02,2.0,2,2,58.1,72.1,5.0,1,Yes,1
395,CSE,8.32,1.0,3,1,76.9,81.8,7.0,0,Yes,1
396,IT,5.67,1.0,1,3,56.8,,7.0,1,Yes,0
397,ME,8.26,0.0,1,1,50.8,66.7,8.0,0,No,1
398,IT,7.02,0.0,2,2,78.0,70.6,5.0,1,No,0
399,IT,7.78,0.0,1,2,58.0,54.7,6.0,1,No,0
400,IT,6.27,0.0,2,1,50.0,35.8,6.0,1,yes,0
401,IT,8.73,1.0,1,1,31.4,41.3,6.0,0,no,0
402,CE,8.65,0.0,2,0,72.6,,4.0,0,No,0
403,ME,,2.0,2,2,65.1,64.3,7.0,0,Yes,1
404,CSE,5.89,1.0,1,0,55.1,39.7,7.0,0,No,0
405,CE,8.23,1.0,1,2,58.5,74.8,8.0,0,No,1
406,ME,7.8,3.0,3,1,54.7,59.3,6.0,1,No,1
407,IT,5.79,1.0,2,0,49.1,77.2,5.0,1,N,0
408,ME,7.38,3.0,2,2,,60.4,7.0,0,No,1
409,CSE,7.76,0.0,2,1,69.1,50.8,5.0,0,Yes,0
410,ce,7.96,1.0,1,3,59.5,64.7,8.0,0,No,1
411,ECE,7.58,0.0,1,2,72.1,65.9,8.0,0,no,1
412,ECE,7.69,0.0,2,2,60.2,48.2,8.0,0,Yes,0
413,CSE,8.87,1.0,3,1,59.8,50.7,7.0,0,No,1
414,me,8.63,0.0,2,1,67.3,62.6,5.0,1,No,1
415,CSE,4.53,0.0,2,2,32.2,35.7,6.0,1,Yes,0
416,CSE,7.08,2.0,6,2,61.5,80.2,7.0,1,No,1
417,CSE,7.24,0.0,1,1,40.8,58.1,5.0,0,No,0
418,EEE,5.65,1.0,3,2,40.7,72.1,8.0,1,No,0
419,Computer Science,7.49,1.0,2,1,36.2,33.6,7.0,1,No,0
420,CE,,,1,1,62.9,63.3,4.0,0,Yes,1
421,ECE,6.31,1.0,2,1,75.0,71.0,9.0,0,No,1
422,CSE,7.74,3.0,3,1,59.9,53.3,6.0,0,No,0
423,CSE,6.48,0.0,2,3,64.1,58.0,4.0,0,No,0
424,CSE,6.73,2.0,2,1,85.5,55.6,5.0,1,Yes,0
425,ece,8.88,1.0,0,1,70.8,52.1,9.0,0,Yes,1
426,ME,6.86,2.0,1,1,48.6,56.0,9.0,0,No,1
427,CSE,7.86,1.0,3,2,54.3,47.9,8.0,0,Yes,1
428,ME,5.53,0.0,1,0,52.5,44.0,8.0,1,Yes,0
429,CSE,9.26,0.0,2,2,59.9,82.1,8.0,0,No,1
430,ME,8.0,1.0,0,0,55.7,54.8,7.0,0,No,0
431,CE,7.22,1.0,2,0,71.1,39.1,7.0,2,No,0
432,EEE,7.98,0.0,3,2,,73.3,7.0,0,No,1
433,EEE,5.99,1.0,4,0,34.6,58.9,7.0,2,No,0
434,ME,8.58,0.0,1,1,54.9,45.3,5.0,0,Yes,1
435,CSE,7.08,1.0,1,1,53.1,44.0,7.0,0,No,0
436,CSE,7.2,0.0,0,4,66.4,49.7,8.0,0,no,0
437,Computer Science,6.91,1.0,0,0,71.8,70.7,6.0,0,No,0
438,ECE,6.82,0.0,2,2,90.1,56.2,5.0,0,Yes,0
439,EEE,,3.0,3,1,57.2,70.3,7.0,0,Yes,1
440,ECE,7.66,1.0,3,0,56.0,51.4,5.0,0,No,1
441,ME,8.05,1.0,1,4,69.7,44.4,4.0,0,No,1
442,CSE,7.39,0.0,3,0,51.8,78.7,8.0,1,No,1
443,EEE,7.91,0.0,0,2,60.4,49.3,5.0,0,No,1
444,CSE,6.98,1.0,1,0,53.3,65.7,6.0,1,No,0
445,CSE,,1.0,1,2,37.5,52.9,5.0,0,Yes,1
446,EEE,5.83,1.0,3,4,55.2,38.6,8.0,1,No,0
447,CE,8.66,1.0,0,3,62.9,76.4,7.0,0,No,1
448,ECE,,0.0,1,1,80.7,51.1,6.0,0,Yes,1
449,CSE,6.55,0.0,1,5,56.7,73.0,4.0,1,Yes,0
450,ECE ,9.63,0.0,4,3,53.9,31.2,5.0,0,No,1
451,CSE ,8.4,0.0,0,3,60.9,61.6,7.0,0,No,1
452,ME,8.37,0.0,4,0,38.8,57.3,6.0,0,Yes,1
453,EEE,7.43,0.0,2,1,45.6,81.3,6.0,0,Yes,0
454,CSE,7.18,1.0,1,1,66.8,46.4,6.0,0,Yes,1
455,CSE,7.19,0.0,1,1,56.2,74.0,7.0,0,No,1
456,CSE,7.79,0.0,0,0,72.6,82.8,6.0,0,No,1
457,CE,8.8,1.0,0,1,42.0,51.2,7.0,0,Yes,1
458,IT,7.58,1.0,1,0,57.8,60.3,4.0,0,No,1
459,ME,6.49,0.0,0,1,50.6,52.6,10.0,1,Yes,0
460,ECE,8.22,1.0,1,1,74.8,36.9,,0,Yes,1
461,ECE,8.32,0.0,4,2,71.8,52.8,6.0,0,Yes,1
462,CSE,69.0,0.0,0,1,70.3,87.4,7.0,0,N,1
463,CE,8.15,2.0,1,2,81.5,66.6,5.0,0,No,1
464,it,7.13,1.0,0,4,54.5,61.3,6.0,-2,Yes,0
465,ECE,6.47,1.0,1,2,72.3,52.1,6.0,2,N,0
466,EEE,6.53,1.0,0,1,44.0,59.4,4.0,0,No,0
467,ECE,5.76,0.0,2,1,40.5,58.4,7.0,1,No,0
468,CE,7.64,1.0,0,1,70.0,47.8,3.0,0,No,0
469,CSE,7.32,1.0,1,1,41.6,87.6,9.0,0,No,0
470,ECE,6.96,2.0,3,3,65.1,72.5,7.0,0,Yes,0
471,IT,4.5,2.0,2,0,49.6,60.7,7.0,3,Yes,0
472,IT,6.15,0.0,0,1,67.9,46.1,3.0,0,No,0
473,CSE,8.52,1.0,2,1,63.8,55.3,5.0,0,No,1
474,cse,6.74,1.0,1,6,,56.8,8.0,1,No,0
475,,7.76,0.0,1,4,67.6,67.7,10.0,0,No,1
476,IT,6.01,1.0,2,6,46.5,31.5,8.0,-2,No,0
477,IT,69.0,2.0,0,1,57.3,79.6,8.0,0,No,0
478,ECE,7.26,0.0,2,1,65.1,73.6,7.0,0,No,1
479,ECE,7.69,1.0,4,1,60.8,65.1,5.0,0,yes,1
480,IT,9.73,1.0,2,3,64.4,66.5,8.0,0,No,1
481,IT,8.92,1.0,2,0,65.1,60.7,4.0,0,No,1
482,CSE,7.09,2.0,2,4,77.9,68.0,4.0,0,Yes,0
483,ECE,6.81,2.0,3,4,52.3,49.7,4.0,0,Yes,1
484,IT ,7.07,1.0,6,0,53.0,70.0,8.0,0,No,0
485,CSE,7.91,0.0,1,1,41.6,76.6,6.0,0,No,0
486,IT,7.29,0.0,4,2,59.1,80.9,6.0,0,Yes,1
487,IT,7.0,0.0,1,0,66.3,46.0,6.0,0,Yes,1
488,CSE,8.87,1.0,2,2,75.9,75.7,4.0,0,Yes,1
489,ECE ,7.29,1.0,2,1,60.8,49.0,5.0,0,Yes,1
490,,69.0,0.0,5,3,80.7,65.0,5.0,0,No,1
491,EEE,7.49,1.0,1,1,69.1,68.4,4.0,0,No,1
492,ECE,9.19,3.0,3,1,80.5,78.5,5.0,0,No,1
493,ECE,7.76,1.0,0,0,73.2,,4.0,1,Yes,1
494,IT,8.36,2.0,3,2,82.7,76.2,7.0,0,Yes,1
495,ME,6.68,0.0,1,0,55.1,49.7,7.0,2,Yes,0
496,ECE,6.55,0.0,1,1,40.7,46.9,4.0,0,No,0
497,,7.86,0.0,2,2,69.8,41.3,5.0,0,No,1
498,ECE,8.39,3.0,0,1,73.3,80.0,9.0,1,Yes,1
499,IT,,1.0,2,4,79.0,60.4,4.0,0,No,0
500,ECE,6.11,1.0,0,5,70.2,56.2,7.0,2,Yes,1
501,EEE,6.04,0.0,2,1,77.9,58.4,6.0,0,Yes,0
502,ME,5.97,1.0,1,2,61.7,29.2,8.0,1,No,0
503,CE,5.63,,3,3,,32.3,7.0,0,Yes,1
504,ECE,7.51,0.0,3,0,,78.8,5.0,0,No,0
505,ECE ,8.53,2.0,3,1,68.2,65.0,6.0,0,Y,0
506,ME,7.39,2.0,2,2,53.3,,6.0,0,No,1
507,IT,5.14,2.0,0,1,53.5,51.8,6.0,1,Yes,0
508,ME,7.21,,3,2,59.9,70.3,4.0,0,Y,1
509,ECE,7.24,1.0,3,3,65.0,68.2,8.0,0,Yes,1
510,CSE,,0.0,7,1,67.2,53.5,8.0,0,No,1
511,CSE,5.94,0.0,3,1,65.4,82.2,4.0,2,N,0
512,ME,7.01,,1,2,25.8,67.5,5.0,0,No,0
513,CSE,9.11,2.0,5,1,69.1,71.2,6.0,0,yes,1
514,IT,7.85,0.0,2,1,76.2,49.4,4.0,0,Yes,0
515,IT,7.96,1.0,3,2,84.7,83.6,3.0,0,Yes,1
516,Computer Science,7.51,1.0,2,1,,72.7,5.0,0,No,1
517,IT ,7.73,0.0,2,2,81.5,44.8,5.0,0,Yes,1
518,EEE,8.18,1.0,1,0,,55.4,4.0,0,Yes,1
519,CSE,6.59,2.0,1,0,56.8,100.0,6.0,0,No,1
520,ME,8.28,1.0,1,3,69.9,59.6,8.0,0,No,0
521,ME,6.03,2.0,4,1,54.5,37.0,7.0,0,Yes,1
522,,7.73,0.0,2,2,51.9,51.5,6.0,0,Yes,1
523,CSE,,1.0,2,2,54.5,92.5,3.0,0,Yes,0
524,ECE,6.78,3.0,2,0,44.2,64.6,7.0,1,No,0
525,CSE,7.38,2.0,1,2,66.2,86.0,6.0,1,Yes,1
526,IT ,6.78,0.0,2,2,57.6,65.6,7.0,0,No,1
527,CE,6.33,0.0,2,2,51.4,68.5,,0,Yes,0
528,CE,7.05,0.0,2,2,51.8,40.5,5.0,0,No,0
529,EEE,6.3,1.0,2,2,61.6,51.9,1.0,0,No,0
530,IT,7.72,1.0,2,4,70.7,70.9,4.0,0,yes,1
531,EEE,6.25,0.0,3,2,41.8,70.0,7.0,0,Yes,1
532,EEE,8.11,0.0,6,2,47.4,63.3,6.0,0,Yes,1
533,IT,6.22,2.0,2,1,66.7,49.7,4.0,2,No,0
534,ECE,6.83,1.0,1,1,41.2,,4.0,1,No,0
535,Computer Science,6.78,0.0,3,1,64.1,36.7,5.0,1,No,0
536,CSE,8.73,0.0,0,0,84.7,,4.0,0,Yes,1
537,ECE,7.73,3.0,4,1,80.8,69.1,7.0,0,Yes,1
538,CSE,7.19,0.0,3,2,68.0,58.3,5.0,0,No,1
539,,7.9,1.0,0,4,70.5,63.6,5.0,0,No,1
540,ME,,2.0,2,1,78.6,56.9,5.0,1,No,0
541,CE,7.36,2.0,2,1,31.8,75.7,6.0,0,No,1
542,Electronics,9.4,2.0,1,1,62.4,73.0,6.0,0,No,1
543,ME,7.53,1.0,0,2,70.7,84.6,6.0,0,No,1
544,CE,7.47,2.0,1,1,56.2,62.9,6.0,0,No,0
545,Computer Science,7.95,1.0,0,3,77.1,72.3,6.0,0,No,1
546,IT,8.3,0.0,1,1,63.1,73.1,4.0,0,No,1
547,IT,5.4,0.0,2,3,,35.7,5.0,0,No,0
548,Computer Science,5.72,0.0,1,1,50.0,70.9,5.0,1,Yes,0
549,EEE,7.61,1.0,1,2,54.6,19.4,10.0,0,No,1
550,IT,6.69,0.0,2,2,50.6,,4.0,0,No,1
551,IT,8.71,1.0,0,2,68.5,71.9,,0,Yes,1
552,CSE,7.08,1.0,1,2,49.4,51.6,6.0,0,No,0
553,CSE,5.47,0.0,2,4,63.7,48.6,5.0,0,Yes,0
554,CE,6.13,1.0,0,1,62.8,76.3,8.0,1,Yes,0
555,CSE,4.65,0.0,1,0,62.2,,5.0,3,Yes,0
556,CSE,,4.0,3,2,45.5,53.5,6.0,0,no,0
557,IT,7.21,1.0,2,1,38.9,57.0,7.0,0,no,1
558,ECE,6.98,0.0,2,1,58.3,33.7,9.0,2,No,0
559,ECE,8.48,0.0,3,4,99.1,71.0,8.0,0,Yes,1
560,ECE,8.6,0.0,0,1,80.0,57.2,6.0,0,No,1
561,CSE,7.23,2.0,1,0,52.7,34.7,6.0,0,Yes,1
562,cse,5.27,0.0,1,2,56.6,55.8,6.0,0,Yes,0
563,me,8.02,0.0,3,2,71.2,64.7,6.0,0,Yes,1
564,ece,7.96,1.0,3,2,45.8,72.2,5.0,0,No,0
565,ECE,7.71,4.0,2,0,77.7,55.4,8.0,0,Yes,1
566,ECE,8.38,0.0,0,1,61.9,54.3,6.0,0,No,0
567,EEE ,6.24,0.0,2,2,54.3,79.0,6.0,0,No,1
568,CSE,9.41,0.0,1,0,68.3,,4.0,0,Yes,1
569,IT,6.44,0.0,1,3,69.9,71.0,6.0,0,No,0
570,ECE,8.15,0.0,2,3,53.9,50.7,3.0,0,Yes,0
571,IT,5.71,1.0,2,0,32.8,66.9,5.0,0,Yes,0
572,ME,6.47,3.0,4,4,60.2,28.5,5.0,2,Yes,1
573,ECE,8.92,0.0,3,0,41.5,55.7,6.0,0,No,1
574,EEE,7.14,1.0,2,0,55.3,35.6,9.0,1,No,0
575,ME,8.24,1.0,4,1,77.6,50.1,7.0,0,No,0
576,,7.64,0.0,3,1,67.9,74.9,8.0,1,No,0
577,CE,7.3,2.0,1,3,72.1,45.3,7.0,0,yes,0
578,ECE,8.76,1.0,0,1,72.9,72.6,8.0,0,N,1
579,ME,7.16,1.0,1,2,88.0,76.6,9.0,1,Yes,1
580,,,0.0,3,0,45.8,55.7,5.0,1,Yes,0
581,ECE,6.6,0.0,1,5,61.6,65.9,5.0,2,No,0
582,ECE,7.95,0.0,2,2,56.9,65.7,7.0,0,Yes,1
583,CSE,7.8,0.0,2,0,73.1,68.7,6.0,0,Yes,1
584,IT,5.83,1.0,1,2,53.0,68.4,,-2,Yes,0
585,CE,6.68,0.0,2,1,77.7,79.0,6.0,0,Yes,1
586,ECE,6.82,1.0,0,2,51.3,42.5,5.0,0,No,1
587,CSE,7.03,2.0,3,2,75.4,48.8,9.0,1,yes,1
588,it,6.02,1.0,5,1,,42.9,4.0,0,No,1
589,CSE,6.77,0.0,4,0,57.1,76.8,7.0,1,Yes,0
590,CSE,6.67,3.0,2,2,63.6,78.3,7.0,0,No,1
591,CE,8.17,1.0,3,1,,50.8,3.0,0,No,0
592,IT,8.21,,4,2,67.5,37.0,5.0,0,no,1
593,IT,7.25,0.0,2,2,56.9,54.1,5.0,1,no,1
594,ECE,7.01,1.0,4,1,50.0,61.3,7.0,1,No,0
595,CSE,7.54,2.0,3,2,56.5,64.7,5.0,0,No,1
596,CSE,6.58,2.0,2,0,36.5,63.6,6.0,0,No,0
597,EEE,6.25,0.0,2,2,65.5,41.4,4.0,1,yes,0
598,ECE,6.46,1.0,2,2,41.4,65.5,10.0,0,Yes,1
599,CE,6.77,0.0,2,3,54.8,57.0,6.0,1,No,0
600,ECE,6.24,0.0,1,1,63.1,58.0,7.0,1,Yes,0
601,IT,7.56,0.0,3,3,70.7,68.2,5.0,0,Yes,1
602,EEE,8.13,0.0,1,1,41.6,66.5,5.0,0,No,0
603,,5.81,,1,1,52.5,53.9,9.0,0,Yes,0
604,EEE,7.43,1.0,0,2,65.6,41.2,3.0,0,Yes,1
605,CE,7.18,2.0,0,3,59.7,59.5,6.0,0,No,0
606,ME,7.74,2.0,2,0,77.5,68.6,4.0,0,Yes,1
607,ME,7.39,0.0,0,1,50.1,72.3,5.0,0,Yes,1
608,CSE,5.95,0.0,4,1,29.6,64.0,5.0,0,Yes,1
609,EEE,6.14,0.0,2,2,64.7,34.2,4.0,1,Yes,0
610,it,7.43,2.0,0,2,53.7,53.0,6.0,0,Yes,1
611,ECE,8.43,3.0,1,2,43.0,53.6,2.0,0,No,1
612,ECE ,5.19,1.0,3,3,49.2,46.8,5.0,3,Yes,0
613,CE,7.75,0.0,1,0,76.1,54.9,6.0,0,Y,1
614,CE,8.59,2.0,2,0,49.6,44.1,4.0,0,No,0
615,IT,7.25,1.0,2,3,,47.3,9.0,0,Yes,0
616,EEE,7.95,0.0,1,3,52.1,26.3,5.0,0,Yes,0
617,EEE,6.7,0.0,2,1,58.2,5.0,6.0,0,Yes,0
618,it,69.0,2.0,5,0,44.9,62.4,5.0,0,Yes,1
619,CSE,5.78,0.0,3,2,54.0,91.7,6.0,1,Yes,1
620,CSE ,5.06,0.0,4,2,49.0,80.2,8.0,-2,Yes,0
621,EEE,69.0,0.0,1,2,45.9,45.0,10.0,0,No,1
622,ECE,6.42,1.0,1,2,90.0,52.3,7.0,0,No,1
623,CE,6.94,1.0,0,2,52.2,30.8,8.0,1,No,0
624,IT,6.01,1.0,2,3,48.5,38.4,9.0,2,Yes,0
625,CE,5.99,0.0,1,2,66.0,30.0,6.0,1,No,0
626,IT,7.23,4.0,3,1,81.1,60.7,9.0,0,No,1
627,ME ,6.67,1.0,0,2,70.6,48.6,7.0,1,yes,1
628,CSE,7.78,0.0,2,2,47.1,70.7,6.0,0,No,1
629,ECE,7.85,0.0,1,1,64.4,67.2,7.0,0,No,1
630,ME,7.72,0.0,0,1,38.7,51.6,3.0,0,Yes,0
631,CE,7.64,0.0,4,3,71.8,56.7,6.0,0,No,1
632,ME,8.98,0.0,0,2,46.7,46.5,3.0,0,Yes,1
633,CSE,6.33,2.0,5,4,46.1,39.5,3.0,1,Yes,0
634,IT,7.35,0.0,3,4,59.7,42.2,6.0,0,Yes,0
635,CSE,8.53,1.0,0,1,69.9,80.4,4.0,0,Yes,1
636,CSE,8.66,0.0,1,0,61.9,66.3,6.0,0,No,0
637,ECE,5.98,0.0,0,4,72.5,19.8,6.0,1,No,1
638,EEE,7.09,0.0,4,2,67.4,52.5,6.0,0,Yes,1
639,EEE,8.76,0.0,2,2,73.2,,4.0,0,No,0
640,ME,7.91,3.0,3,1,47.3,82.4,8.0,0,No,1
641,EEE,7.6,2.0,5,2,81.2,,6.0,0,No,1
642,ME,7.18,1.0,4,0,49.5,64.1,7.0,0,No,1
643,CSE,7.02,1.0,4,4,79.3,79.4,4.0,0,No,0
644,CSE,7.69,1.0,3,2,85.4,52.1,6.0,1,No,1
645,ECE,7.15,0.0,1,2,65.1,54.9,8.0,0,Yes,0
646,ME,7.36,0.0,1,2,72.2,63.1,8.0,2,No,0
647,CSE,7.48,1.0,0,2,23.3,67.1,,1,Yes,0
648,Electronics,6.72,0.0,0,2,54.9,57.0,5.0,1,yes,0
649,Electronics,7.93,0.0,4,0,75.4,37.7,4.0,0,Yes,1
650,CSE,10.0,3.0,2,1,81.5,86.3,5.0,0,Yes,1
651,IT,5.62,0.0,3,0,38.3,48.8,4.0,1,No,0
652,ME,7.72,1.0,1,5,57.8,61.9,6.0,0,No,1
653,ECE,6.64,2.0,0,3,26.5,65.0,7.0,1,Yes,0
654,CSE,7.98,2.0,3,1,67.3,77.9,5.0,0,No,1
655,ME,7.45,,4,1,37.6,60.5,6.0,0,Yes,1
656,IT,8.16,1.0,6,2,76.6,78.4,6.0,0,No,0
657,ME,8.58,0.0,0,0,78.9,71.2,8.0,0,Y,1
658,IT,,1.0,0,1,55.1,88.4,5.0,0,Yes,0
659,ECE,8.53,0.0,5,2,70.8,60.1,5.0,0,No,1
660,it,5.06,1.0,3,1,48.0,55.7,5.0,2,No,0
661,CSE,8.99,1.0,4,0,69.3,86.9,4.0,0,Yes,1
662,ME,7.78,0.0,2,5,47.7,49.5,7.0,0,Y,1
663,CSE,8.48,0.0,4,2,71.8,50.4,6.0,0,Yes,0
664,Computer Science,6.18,2.0,1,3,35.4,66.3,6.0,2,No,0
665,IT,6.57,2.0,4,1,34.7,57.8,8.0,2,Yes,0
666,EEE,7.55,3.0,1,2,59.1,37.6,8.0,1,Yes,1
667,ME,7.38,1.0,2,0,,62.4,3.0,0,No,0
668,CE,7.68,0.0,3,1,64.4,77.9,7.0,0,No,1
669,IT,8.48,1.0,2,2,56.5,46.0,6.0,0,Yes,1
670,IT,5.63,0.0,3,1,75.6,71.5,5.0,1,No,1
671,CSE,8.37,0.0,1,3,65.8,31.8,7.0,1,Yes,1
672,ECE,7.41,0.0,2,2,62.8,49.0,3.0,2,Yes,1
673,CE,7.2,1.0,3,2,61.6,81.6,8.0,2,No,0
674,EEE,5.93,1.0,3,1,66.2,42.7,7.0,1,Yes,0
675,ECE ,69.0,1.0,1,2,68.9,58.9,5.0,0,Yes,0
676,IT,4.99,2.0,4,1,55.6,64.4,5.0,0,No,0
677,CE,8.05,2.0,1,4,71.4,32.5,3.0,0,No,1
678,,5.91,1.0,3,1,32.1,48.6,5.0,0,No,0
679,CSE,7.45,0.0,2,0,38.8,66.2,,0,No,0
680,,7.28,1.0,1,2,58.6,92.3,4.0,0,Yes,0
681,CSE,8.57,0.0,1,0,,52.3,7.0,0,No,1
682,CSE,7.22,2.0,1,1,66.2,58.4,8.0,3,Y,1
683,CSE,6.71,0.0,2,1,57.5,47.6,6.0,0,No,1
684,it,6.89,0.0,2,0,65.0,47.0,5.0,1,Y,0
685,ECE,8.67,1.0,3,2,50.1,78.3,7.0,0,Yes,1
686,IT ,7.94,3.0,0,2,62.0,68.1,6.0,0,Yes,1
687,IT,69.0,0.0,1,3,42.4,54.7,4.0,0,No,1
688,CE,7.16,,1,3,63.7,46.1,5.0,0,Yes,0
689,EEE,,1.0,4,2,31.2,38.7,5.0,0,N,0
690,ECE,7.79,0.0,1,2,65.7,49.8,6.0,0,No,1
691,IT,5.64,0.0,2,1,35.3,37.2,6.0,0,No,0
692,ME,8.15,0.0,1,1,58.4,54.9,6.0,0,Yes,1
693,CSE,7.53,1.0,1,4,71.3,60.3,3.0,0,Yes,0
694,IT,9.79,3.0,4,4,72.3,65.6,,0,No,1
695,CE,6.3,2.0,0,0,35.9,51.8,6.0,1,No,1
696,ECE,7.3,1.0,1,1,51.5,58.1,10.0,0,Yes,1
697,EEE,9.2,0.0,2,0,49.2,55.6,5.0,0,No,1
698,ECE,8.59,0.0,4,1,44.4,58.8,7.0,0,yes,1
699,ECE,6.7,0.0,1,1,58.6,83.9,10.0,2,Yes,0
700,IT,7.62,0.0,2,2,67.6,97.9,6.0,1,Yes,1
701,cse,7.4,,2,1,65.3,49.2,6.0,0,Yes,0
702,IT,7.68,1.0,1,2,68.4,52.7,4.0,0,Yes,1
703,CSE,6.7,1.0,2,2,57.1,45.6,9.0,0,No,1
704,ME,7.31,0.0,1,3,56.4,70.4,4.0,0,Yes,0
705,IT ,5.8,1.0,1,1,40.7,51.0,7.0,1,No,0
706,,7.54,2.0,4,0,55.3,,5.0,0,No,1
707,ME,7.85,0.0,1,2,,87.2,6.0,0,No,0
708,ME,7.17,0.0,0,1,48.9,53.7,4.0,0,Yes,0
709,IT,5.78,0.0,1,1,54.6,67.5,8.0,2,N,0
710,,8.39,0.0,3,0,62.5,77.7,6.0,0,yes,0
711,CE,7.76,0.0,2,0,98.2,48.0,4.0,0,No,1
712,ECE,6.67,1.0,3,2,40.9,67.3,8.0,0,Yes,1
713,ME,7.12,1.0,2,0,57.4,40.9,5.0,0,No,0
714,CE,5.9,2.0,1,3,36.9,67.6,7.0,0,Yes,0
715,ME ,,0.0,2,3,51.2,41.1,7.0,3,No,0
716,,6.86,1.0,3,2,53.7,55.1,7.0,1,Yes,0
717,ECE,8.63,0.0,1,2,75.1,44.8,2.0,0,Yes,1
718,CSE,,0.0,3,3,52.0,47.9,7.0,1,No,0
719,ECE,8.04,2.0,2,1,60.3,51.8,6.0,0,Yes,0
720,CE,6.86,1.0,4,1,52.7,15.8,5.0,0,No,0
721,ECE,7.65,0.0,2,1,44.2,52.7,6.0,0,No,0
722,IT,7.26,1.0,3,0,51.6,,3.0,0,No,1
723,CSE,8.27,1.0,4,2,58.9,81.2,6.0,0,No,1
724,CE,6.87,0.0,5,1,58.7,58.7,4.0,0,No,0
725,CSE,5.83,2.0,1,2,60.4,46.5,6.0,0,No,0
726,CSE,6.02,0.0,0,2,51.7,51.2,6.0,0,Yes,1
727,CSE,6.87,3.0,6,2,54.8,58.8,8.0,0,No,0
728,CSE,6.15,1.0,0,1,34.4,81.0,5.0,1,No,0
729,IT,7.81,2.0,1,0,68.1,54.7,8.0,0,Yes,1
730,ECE,,0.0,0,2,49.8,41.9,8.0,0,Yes,0
731,IT,9.77,2.0,1,1,78.5,59.9,5.0,0,Yes,1
732,CSE,5.66,2.0,4,2,68.8,34.1,4.0,2,No,0
733,CSE,7.6,0.0,3,2,58.6,70.6,4.0,0,Yes,1
734,IT,6.27,2.0,0,2,43.2,62.4,6.0,0,No,1
735,CSE,6.91,2.0,2,2,57.8,81.8,5.0,1,No,1
736,EEE,7.54,2.0,1,0,,71.3,8.0,1,No,0
737,CSE,5.07,0.0,0,4,46.9,89.3,5.0,3,Yes,0
738,it,7.64,1.0,4,0,54.2,65.1,4.0,0,No,1
739,IT,9.3,1.0,2,3,74.4,70.6,6.0,0,No,1
740,IT,6.95,1.0,4,0,64.2,43.2,5.0,0,Yes,0
741,,7.66,0.0,0,1,-1.0,76.7,6.0,0,Yes,0
742,CSE,8.42,0.0,1,0,44.3,71.9,8.0,0,Yes,1
743,ME,7.24,2.0,3,2,64.8,63.9,6.0,0,No,1
744,CSE,6.82,2.0,0,0,48.5,45.0,6.0,1,Yes,1
745,ECE,5.12,1.0,0,0,53.5,48.9,6.0,4,Yes,0
746,,8.04,0.0,0,2,64.4,61.3,3.0,0,Yes,0
747,IT,7.29,1.0,4,1,36.9,66.5,7.0,1,Yes,0
748,IT,6.39,3.0,1,0,56.9,49.7,6.0,0,Yes,0
749,ME,7.53,2.0,3,1,66.7,73.5,8.0,0,No,1
750,ME,6.82,0.0,1,0,65.3,82.8,7.0,0,Yes,1
751,CSE,6.87,1.0,1,1,59.3,45.7,6.0,0,No,0
752,IT,8.01,0.0,0,1,38.7,78.8,,0,Yes,1
753,cse,6.06,0.0,2,0,70.0,15.1,6.0,0,Yes,0
754,IT,8.45,1.0,2,0,,80.3,6.0,0,No,1
755,EEE,6.0,0.0,2,2,40.0,20.0,5.0,0,No,0
756,CSE,6.74,0.0,1,2,47.9,53.8,7.0,0,No,0
757,IT,9.32,0.0,0,0,70.5,54.9,5.0,0,Yes,1
758,CE,8.53,1.0,2,0,72.7,57.4,9.0,0,No,1
759,CSE,,2.0,2,0,54.5,78.1,9.0,0,No,1
760,,6.46,2.0,0,1,66.1,32.4,7.0,0,Yes,1
761,EEE,6.87,0.0,4,3,36.4,47.0,9.0,1,No,0
762,CSE,7.47,0.0,2,3,47.8,57.7,3.0,0,Yes,1
763,CSE,7.44,4.0,1,0,35.4,88.9,4.0,0,Y,1
764,CSE,7.31,1.0,5,1,48.9,71.0,5.0,0,No,1
765,CE,7.37,1.0,2,1,78.0,37.2,6.0,0,No,0
766,CSE,7.19,0.0,1,2,,56.9,6.0,1,No,1
767,CSE,5.96,2.0,3,1,57.0,81.1,3.0,0,N,0
768,CSE,6.88,0.0,0,2,50.3,73.1,8.0,0,Yes,1
769,cse,8.31,0.0,1,1,61.0,55.8,10.0,0,No,1
770,ECE,6.03,2.0,0,2,60.2,,8.0,2,No,0
771,CSE,7.21,1.0,2,4,40.5,60.5,8.0,0,Yes,1
772,ECE,6.58,1.0,0,3,49.9,42.8,6.0,0,Yes,1
773,ECE,7.51,3.0,1,1,77.7,29.9,5.0,1,No,0
774,ME,7.01,1.0,0,0,45.9,42.9,6.0,0,Yes,1
775,CSE,8.88,2.0,1,1,-1.0,93.2,10.0,1,No,1
776,ME,7.91,2.0,2,1,62.2,51.8,5.0,0,Yes,0
777,ECE,6.09,0.0,1,1,58.2,46.9,5.0,0,No,0
778,CSE,8.07,1.0,2,1,55.2,70.5,8.0,0,no,1
779,EEE,6.63,0.0,1,3,57.8,84.4,8.0,1,No,1
780,ME,,2.0,1,0,65.0,52.2,5.0,0,No,0
781,CSE,7.71,3.0,0,4,84.8,83.0,6.0,0,Yes,1
782,CE,6.91,1.0,4,3,56.5,43.6,5.0,0,No,1
783,IT,8.29,1.0,5,1,63.1,65.6,6.0,0,No,0
784,ECE,6.63,2.0,1,2,75.2,51.3,8.0,1,No,1
785,CE,6.78,1.0,1,1,50.9,40.3,5.0,0,N,0
786,IT,6.74,1.0,0,1,41.5,58.7,8.0,1,No,0
787,ME,6.83,4.0,3,3,60.7,65.5,6.0,0,No,0
788,IT,8.5,0.0,4,3,77.3,,10.0,0,No,1
789,ME,8.03,2.0,3,1,,58.1,7.0,0,No,1
790,ECE,9.11,1.0,2,1,,74.2,6.0,0,No,1
791,CSE,9.67,0.0,3,1,51.7,64.0,7.0,0,Yes,1
792,IT,6.37,1.0,1,0,55.2,76.3,5.0,0,Yes,0
793,it,7.47,0.0,3,2,75.1,66.4,3.0,0,No,1
794,CSE,6.22,0.0,3,6,40.5,56.6,6.0,0,Yes,0
795,CSE,6.62,1.0,2,4,54.0,31.0,6.0,0,yes,0
796,IT ,6.77,0.0,1,2,52.8,56.2,3.0,0,Yes,0
797,CSE,6.34,0.0,0,4,47.4,65.3,6.0,1,No,0
798,cse,6.35,1.0,2,1,58.8,85.9,,1,No,1
799,EEE,7.26,2.0,3,1,64.7,62.8,5.0,0,No,1
800,,69.0,1.0,1,1,60.3,,6.0,0,No,0
801,EEE,8.24,0.0,1,0,51.6,41.1,6.0,0,No,1
802,IT,6.48,3.0,1,2,36.6,58.5,5.0,1,Yes,1
803,ME,,0.0,0,1,73.5,86.3,6.0,0,Yes,1
804,ECE,6.95,1.0,1,0,52.1,39.4,5.0,0,Yes,0
805,CSE,7.47,1.0,3,0,82.3,79.8,6.0,0,Yes,1
806,CSE,6.1,3.0,1,4,77.4,69.5,6.0,1,no,1
807,EEE,9.11,1.0,2,3,90.7,67.7,4.0,0,Yes,1
808,CSE ,8.52,1.0,1,0,53.2,65.7,6.0,0,No,1
809,ECE,7.7,2.0,1,2,68.0,41.7,,0,No,1
810,CE,6.05,1.0,1,2,65.1,74.9,6.0,0,Yes,0
811,Computer Science,7.61,1.0,2,0,69.9,75.5,10.0,0,No,0
812,CSE,6.28,3.0,4,0,51.3,64.5,6.0,0,No,1
813,CE,8.86,1.0,1,2,81.2,56.1,6.0,0,No,1
814,ECE,8.21,1.0,3,0,63.2,59.6,5.0,0,No,1
815,CSE,7.5,0.0,1,1,61.9,67.9,4.0,0,N,0
816,ME,4.96,1.0,0,1,31.8,48.8,7.0,2,No,0
817,ME,6.42,0.0,1,3,63.8,61.1,5.0,0,No,0
818,ECE,8.09,1.0,0,1,59.6,46.7,5.0,0,Yes,1
819,ECE,8.61,1.0,5,2,70.4,39.1,5.0,0,No,1
820,CSE,8.51,2.0,3,0,67.3,71.8,,0,No,1
821,Computer Science,5.81,3.0,1,3,55.8,30.8,3.0,1,Yes,0
822,ECE,7.7,1.0,1,0,60.7,51.7,5.0,0,Yes,1
823,IT,8.42,0.0,1,1,73.5,62.4,7.0,0,Yes,1
824,ECE,5.74,1.0,0,0,,54.1,6.0,1,Yes,0
825,ME,7.39,1.0,3,2,42.5,84.7,9.0,0,Yes,1
826,CSE,7.67,0.0,1,3,67.9,37.2,7.0,0,Yes,0
827,ECE,7.1,4.0,0,1,49.1,87.6,7.0,0,No,0
828,cse,5.55,0.0,1,1,36.7,52.2,9.0,1,No,0
829,ME,7.07,0.0,1,1,46.4,58.6,6.0,0,No,0
830,CSE,7.07,1.0,0,0,62.1,42.1,6.0,0,Yes,0
831,ECE,7.25,1.0,2,4,58.2,69.2,6.0,0,No,0
832,ECE,6.84,0.0,1,2,32.2,52.8,9.0,1,Y,0
833,IT,6.96,0.0,2,1,53.6,61.9,6.0,0,Yes,0
834,ECE,7.36,0.0,0,2,73.9,25.7,5.0,0,No,0
835,EEE,7.84,0.0,4,1,56.4,,7.0,0,N,1
836,ECE,7.1,1.0,5,1,56.8,66.2,5.0,0,No,1
837,EEE,6.99,2.0,3,3,70.9,49.4,,0,No,1
838,ce,7.49,1.0,2,0,69.9,73.1,7.0,0,No,1
839,IT,5.48,0.0,1,1,64.6,72.4,6.0,1,No,0
840,ECE,7.88,0.0,1,3,28.6,47.8,7.0,0,N,1
841,CSE,7.4,2.0,4,1,80.8,88.9,3.0,0,Yes,1
842,ME,7.44,1.0,2,1,67.8,55.9,6.0,0,Yes,0
843,ECE,8.36,1.0,3,3,93.4,60.5,5.0,0,No,1
844,it,5.45,2.0,2,0,42.8,56.7,,1,No,0
845,CSE,5.43,0.0,2,2,30.9,56.2,6.0,1,Yes,1
846,me,7.67,0.0,1,0,61.2,16.9,5.0,0,Yes,0
847,IT,7.39,2.0,3,0,56.7,62.2,4.0,0,Yes,1
848,EEE ,7.57,1.0,3,3,68.5,35.4,8.0,0,Yes,1
849,CSE,6.94,1.0,2,2,71.1,,5.0,0,Yes,0
850,CE,8.06,2.0,1,1,61.6,82.1,5.0,0,No,1
851,CSE,8.33,0.0,5,2,60.8,82.4,7.0,0,Yes,1
852,CSE,7.88,1.0,5,2,68.2,63.8,7.0,0,Yes,0
853,ME,7.14,0.0,3,0,55.9,38.6,7.0,0,Yes,1
854,CE,5.29,1.0,3,1,47.5,34.6,6.0,0,No,0
855,CSE,8.17,0.0,2,2,75.5,98.0,6.0,0,Yes,1
856,IT,8.62,0.0,1,1,,60.7,6.0,0,yes,1
857,EEE,8.04,1.0,2,1,75.6,22.9,7.0,0,No,1
858,ME,,0.0,1,3,,66.1,7.0,1,N,0
859,IT,8.07,0.0,2,1,37.0,90.9,8.0,0,Yes,1
860,,8.26,0.0,3,1,61.7,84.2,6.0,0,No,1
861,EEE,8.96,0.0,2,0,57.1,78.4,5.0,0,Yes,1
862,EEE,6.52,0.0,5,3,54.9,68.6,6.0,1,No,0
863,ME,7.17,0.0,2,3,,,7.0,1,Yes,0
864,ECE,8.15,1.0,2,1,62.7,,3.0,0,No,0
865,CSE ,7.46,0.0,2,1,47.8,65.7,3.0,1,No,0
866,CE,6.28,0.0,3,2,40.2,58.7,,1,No,0
867,ME,7.81,3.0,2,0,76.3,55.0,9.0,0,No,1
868,ME,7.98,1.0,1,1,50.7,55.2,,0,Yes,0
869,CSE,7.49,0.0,1,5,60.4,51.0,6.0,0,No,1
870,CSE,7.62,0.0,3,1,72.3,51.1,5.0,1,Yes,0
871,EEE,7.14,1.0,1,0,69.9,81.3,6.0,0,Yes,1
872,CSE,8.88,1.0,4,0,75.5,100.0,7.0,0,N,1
873,ce,6.5,0.0,1,1,60.0,50.5,4.0,0,No,1
874,IT ,6.81,2.0,3,2,66.3,66.3,4.0,1,No,1
875,EEE,7.41,1.0,2,3,76.5,40.3,5.0,2,No,1
876,ME,,0.0,0,3,68.6,69.0,6.0,0,No,1
877,IT,5.9,1.0,0,2,32.0,83.9,4.0,3,No,0
878,it,6.09,1.0,2,4,48.4,35.5,7.0,0,No,0
879,ECE,5.36,0.0,2,2,60.2,51.8,5.0,1,No,0
880,ECE,7.43,0.0,3,0,52.6,,5.0,0,Yes,0
881,IT,6.28,0.0,3,2,75.0,,,1,no,1
882,ECE,7.02,2.0,4,2,57.7,77.7,6.0,0,No,1
883,CE,8.06,0.0,4,2,63.7,88.8,7.0,0,No,1
884,IT,6.76,1.0,2,0,70.9,58.3,4.0,1,Yes,0
885,CSE,7.63,2.0,4,0,58.7,76.3,4.0,0,Yes,1
886,IT,7.1,0.0,2,0,60.9,64.8,5.0,1,Yes,0
887,IT,,0.0,2,1,73.5,58.9,6.0,0,Yes,1
888,CSE,7.88,0.0,4,1,44.2,71.4,4.0,0,No,0
889,cse,6.71,1.0,4,1,53.8,71.6,4.0,0,Yes,0
890,EEE,7.23,0.0,0,2,69.3,57.4,6.0,2,Yes,0
891,IT,8.44,1.0,2,5,65.0,57.0,5.0,0,No,1
892,CE,7.79,0.0,2,1,,50.0,4.0,0,Yes,0
893,CSE,6.0,0.0,5,5,35.5,51.2,8.0,1,Yes,0
894,CSE,8.06,0.0,0,1,42.3,55.6,5.0,0,No,0
895,EEE ,6.32,1.0,4,2,64.9,54.3,8.0,1,No,0
896,ME,8.81,4.0,1,0,76.0,68.3,6.0,0,No,1
897,CSE,8.42,4.0,2,1,61.8,84.8,7.0,0,No,1
898,CSE,7.69,1.0,3,2,66.0,53.6,6.0,0,No,1
899,CSE,69.0,2.0,2,2,69.6,,1.0,0,Yes,1
900,ECE,7.19,3.0,1,1,,77.3,4.0,0,No,1
901,IT,8.08,4.0,3,1,54.2,65.9,6.0,0,No,1
902,CSE,7.03,1.0,1,0,60.8,63.6,7.0,0,N,0
903,CSE,7.64,1.0,1,0,,63.6,,0,Yes,1
904,ECE,8.27,2.0,2,0,,76.4,6.0,0,yes,0
905,ce,6.84,0.0,2,1,55.4,69.8,4.0,0,Yes,1
906,ECE,6.78,0.0,0,2,54.6,68.6,6.0,1,No,0
907,ECE,6.21,2.0,1,1,60.2,49.4,6.0,1,No,0
908,CSE,6.34,1.0,2,0,55.6,46.6,7.0,0,Yes,1
909,CSE,5.57,1.0,1,0,46.1,84.7,,1,No,0
910,IT,8.13,0.0,3,2,77.9,81.5,7.0,0,No,1
911,EEE,9.21,0.0,1,2,60.8,57.2,7.0,0,No,1
912,ME,8.83,1.0,0,2,62.2,83.5,5.0,0,Yes,1
913,CE,5.77,1.0,4,2,34.4,38.8,10.0,1,No,0
914,ce,8.12,0.0,2,2,54.3,79.8,4.0,0,No,0
915,CE,8.82,0.0,1,2,71.9,84.3,5.0,0,No,1
916,CE,6.94,0.0,2,1,62.0,38.9,,0,No,0
917,Computer Science,7.5,1.0,3,1,67.6,74.2,7.0,0,No,1
918,CSE,5.39,1.0,1,3,58.6,66.7,7.0,2,Yes,0
919,IT,7.67,0.0,1,5,86.1,100.0,7.0,0,No,1
920,,6.34,0.0,2,1,46.8,38.5,2.0,1,Yes,0
921,,7.6,0.0,1,1,41.4,87.5,,0,No,0
922,ME,5.84,1.0,4,2,41.1,47.5,6.0,1,No,0
923,ECE,7.94,0.0,4,0,53.7,39.1,8.0,0,No,1
924,ECE,8.42,2.0,3,2,52.4,58.3,3.0,1,No,0
925,Computer Science,6.62,4.0,6,1,58.0,61.1,6.0,1,Yes,1
926,CSE,6.26,1.0,1,2,70.5,43.4,5.0,0,Yes,0
927,CSE,5.24,2.0,0,1,69.9,58.9,7.0,2,No,0
928,ME,7.13,2.0,3,1,65.0,68.0,7.0,2,Yes,0
929,ECE,6.82,3.0,4,1,83.4,55.7,7.0,1,Yes,0
930,EEE,,0.0,1,0,49.5,39.1,4.0,0,No,0
931,IT,7.85,1.0,0,1,42.2,65.0,6.0,0,Yes,1
932,IT,6.95,0.0,1,3,70.8,62.7,6.0,1,Yes,0
933,IT,6.32,0.0,0,1,33.6,62.9,7.0,0,Yes,0
934,EEE,6.85,0.0,1,1,48.7,68.9,,1,No,0
935,EEE,8.47,,1,2,70.5,64.4,6.0,0,Yes,1
936,CSE,,2.0,2,2,61.2,47.0,,0,No,1
937,CE,7.27,0.0,0,1,57.2,45.9,6.0,1,No,0
938,CSE,8.02,0.0,2,0,48.3,70.6,10.0,0,Yes,1
939,ME,6.24,0.0,0,1,55.2,66.1,9.0,0,Yes,1
940,CSE,7.43,0.0,1,1,72.2,84.6,1.0,0,Yes,1
941,CSE,7.55,0.0,2,0,60.8,92.4,6.0,0,No,0
942,ME,6.93,0.0,2,3,48.2,54.6,8.0,0,Y,0
943,CSE,7.84,0.0,0,1,46.8,78.6,6.0,0,Yes,1
944,IT,,2.0,1,1,47.2,39.3,5.0,0,Yes,1
945,IT,,2.0,3,4,66.7,74.0,6.0,0,Yes,1
946,CSE,7.95,1.0,2,3,66.3,,7.0,-2,no,1
947,EEE,4.5,1.0,3,1,38.8,39.6,4.0,3,Yes,0
948,ME,8.59,1.0,0,1,38.2,100.0,8.0,0,No,1
949,ME,4.5,3.0,3,0,53.4,45.1,6.0,2,Yes,0
950,IT,6.78,1.0,2,1,46.8,49.0,4.0,1,No,0
951,ECE,8.43,1.0,1,1,72.4,66.2,8.0,0,No,1
952,CSE ,7.08,0.0,0,0,49.7,55.7,3.0,1,Yes,0
953,CSE,,0.0,0,2,42.3,43.3,5.0,3,No,0
954,CSE,6.31,2.0,4,0,57.5,91.1,5.0,0,No,0
955,CE,8.43,1.0,2,2,92.4,76.1,10.0,0,No,1
956,ME,5.48,1.0,4,1,61.3,50.6,5.0,2,No,0
957,EEE,8.53,1.0,1,2,66.2,54.8,2.0,0,No,1
958,ECE,7.34,0.0,3,0,64.1,50.1,5.0,0,Yes,1
959,ECE,6.21,1.0,1,0,34.2,72.2,7.0,0,No,0
960,ECE,6.82,2.0,2,4,44.2,56.7,7.0,0,Yes,1
961,ECE,6.38,2.0,3,2,25.8,5.0,10.0,0,No,0
962,IT,8.27,2.0,2,1,84.2,100.0,8.0,0,N,1
963,CSE,8.13,0.0,4,4,81.3,71.4,6.0,0,No,1
964,CSE,5.68,1.0,1,0,,,4.0,0,No,0
965,CE,7.0,0.0,4,3,60.0,69.3,9.0,0,Yes,1
966,ECE,6.54,0.0,0,1,,57.7,5.0,0,No,1
967,CE,8.69,1.0,3,3,62.5,72.7,5.0,0,Yes,1
968,CSE,6.05,1.0,1,1,76.1,51.9,5.0,0,No,0
969,ECE,9.0,1.0,2,1,68.0,44.6,4.0,0,No,0
970,CSE,7.37,1.0,2,2,53.1,69.0,5.0,0,Yes,1
971,CSE,6.24,1.0,2,2,34.3,80.7,6.0,0,no,0
972,CSE,6.72,1.0,2,2,73.9,51.9,7.0,0,Yes,0
973,CSE,6.6,1.0,1,1,56.0,50.1,5.0,0,No,1
974,CE,6.13,1.0,2,2,33.8,66.9,4.0,0,No,0
975,IT,7.49,0.0,5,2,49.3,58.6,3.0,0,No,1
976,ECE,6.17,0.0,2,2,39.8,42.7,6.0,0,No,0
977,IT,5.22,0.0,2,5,49.7,48.5,6.0,0,Yes,0
978,IT,7.02,0.0,2,4,61.0,62.1,5.0,0,Yes,0
979,ECE,,2.0,4,1,46.7,22.4,5.0,1,Yes,0
980,CSE,6.65,1.0,1,4,66.3,53.1,7.0,0,Yes,0
981,CE,6.49,1.0,3,0,57.3,53.9,8.0,0,Yes,0
982,ME,6.53,2.0,1,1,,54.0,5.0,0,No,0
983,EEE,,1.0,0,2,63.7,82.4,6.0,0,No,1
984,IT,7.46,3.0,0,0,96.8,92.9,8.0,0,Yes,1
985,CSE,7.65,0.0,0,3,54.2,88.9,5.0,0,N,0
986,CE,5.62,1.0,3,0,42.1,59.8,,1,No,0
987,IT,6.75,2.0,0,1,45.1,59.5,6.0,0,yes,1
988,CSE,7.62,0.0,3,2,58.3,56.7,4.0,0,No,0
989,IT,6.38,0.0,0,2,35.3,60.1,6.0,1,Yes,1
990,ME,8.31,0.0,3,1,67.2,68.3,6.0,0,No,0
991,ECE ,6.2,0.0,0,3,32.3,61.3,7.0,0,No,0
992,EEE,7.11,0.0,3,1,60.8,62.9,4.0,0,Yes,0
993,ME,6.81,2.0,4,1,41.4,50.3,6.0,0,yes,1
994,CSE,7.56,0.0,2,1,56.1,77.6,8.0,0,No,1
995,CE,6.76,3.0,3,3,64.7,70.7,10.0,0,Yes,1
996,it,7.13,2.0,3,0,86.6,76.8,8.0,0,No,1
997,ECE,7.16,1.0,2,1,46.1,53.3,4.0,0,No,0
998,CSE,6.67,0.0,3,0,55.3,48.8,7.0,1,Yes,0
999,CE,7.89,0.0,3,2,53.3,44.6,5.0,0,No,1
1000,IT,7.64,1.0,4,1,50.5,56.0,6.0,1,no,1
508,ME,7.21,,3,2,59.9,70.3,4.0,0,Y,1
819,ECE,8.61,1.0,5,2,70.4,39.1,5.0,0,No,1
453,EEE,7.43,0.0,2,1,45.6,81.3,6.0,0,Yes,0
369,,9.26,1.0,0,1,69.0,62.5,,0,Yes,0
243,CSE,69.0,1.0,5,3,46.2,65.1,5.0,0,no,1
930,EEE,,0.0,1,0,49.5,39.1,4.0,0,No,0
263,IT,7.97,3.0,3,0,60.2,53.2,,0,Yes,1
811,Computer Science,7.61,1.0,2,0,69.9,75.5,10.0,0,No,0
319,IT,7.65,1.0,1,3,49.3,,8.0,1,Yes,1
50,CSE,7.45,1.0,1,3,80.1,77.7,,0,Yes,1
447,CE,8.66,1.0,0,3,62.9,76.4,7.0,0,No,1
143,CE,8.24,1.0,1,2,73.1,89.2,5.0,0,No,1
